Component_ID,RA,DEC,RA_comp,DEC_comp
SB76512_component_1a,354.050305,-52.605985,354.050602,-52.606098
