Component_ID,RA,DEC,RA_comp,DEC_comp
SB67157_component_2a,174.040709,-74.262811,174.040249,-74.262576
