Component_ID,RA,DEC,RA_comp,DEC_comp
SB61934_component_143a,206.880945,5.875776,206.88102,5.876057
