Component_ID,RA,DEC,RA_comp,DEC_comp
SB50008_component_4a,129.956379,1.074310,129.956713,1.074093
SB50008_component_515a,129.065461,0.883491,129.065797,0.883334
