Component_ID,RA,DEC,RA_comp,DEC_comp
SB81679_component_35a,159.413953,4.400515,159.413915,4.400485
SB81679_component_46a,161.46969,6.410111,161.469722,6.410125
