Component_ID,RA,DEC,RA_comp,DEC_comp
SB51574_component_4a,284.251896,-53.416876,284.251885,-53.416772
