Component_ID,RA,DEC,ASKAP_flux,RA_comp,DEC_comp,Comp_flux,Flux_Ratio_AlphaCorr,Flux_Ratio_NOAlphaCorr
SB46910_component_55a,159.491889,-62.789385,104.91600036621094,159.49129166666665,-62.789555555555545,112.2,0.9743646037050837,0.9350802171676554
