Component_ID,RA,DEC,RA_comp,DEC_comp
SB59560_component_24a,176.036166,0.91005,176.036307,0.910093
SB59560_component_59a,175.33426,0.382383,175.334455,0.382439
