Component_ID,RA,DEC,RA_comp,DEC_comp
SB86592_component_2a,106.679239,-41.373514,106.679416,-41.373276
