Component_ID,RA,DEC,RA_comp,DEC_comp
SB60338_component_1a,354.050391,-52.605822,354.050602,-52.606098
