Component_ID,RA,DEC,ASKAP_flux,ASKAP_flux_SNR,RA_comp,DEC_comp,Comp_flux,Flux_Ratio_AlphaCorr,Flux_Ratio_NOAlphaCorr
SB72914_component_395a,16.342049,-39.770152,15.081999778747559,301.6399841308594,16.34213385982935,-39.77035165272503,5.61519847237,1.0646095034064489,2.6859246120969105
SB72914_component_447a,18.793396,-39.937035,11.899999618530273,205.1724090576172,18.793533052688748,-39.93702966711808,3.9263768771,1.2013000187519707,3.0307838475555475
