Component_ID,RA,DEC,RA_comp,DEC_comp
SB59862_component_5a,338.805351,-48.599683,338.805152,-48.599665
