Component_ID,RA,DEC,RA_comp,DEC_comp
SB70007_component_2a,118.610096,-11.788072,118.610235,-11.788041
