Component_ID,RA,DEC,RA_comp,DEC_comp
SB51562_component_1a,325.653592,-4.628952,325.653757,-4.628753
SB51562_component_13a,329.209074,-3.557904,329.208987,-3.557763
