Component_ID,RA,DEC,RA_comp,DEC_comp
SB86615_component_8a,162.095283,1.696642,162.095283,1.696698
SB86615_component_32a,163.20984,2.156994,163.20991,2.157064
