Component_ID,RA,DEC,RA_comp,DEC_comp
SB74250_component_3a,237.747521,-82.968472,237.746427,-82.968568
