Component_ID,RA,DEC,RA_comp,DEC_comp
SB75073_component_486a,327.16602,2.190586,327.166154,2.190792
