Component_ID,RA,DEC,RA_comp,DEC_comp
SB53558_component_17a,162.658925,-52.830249,162.658452,-52.830091
