Component_ID,RA,DEC,RA_comp,DEC_comp
SB52179_component_88a,305.714714,-20.982333,305.714592,-20.981998
