Component_ID,RA,DEC,ASKAP_flux,ASKAP_flux_SNR,RA_comp,DEC_comp,Comp_flux,Flux_Ratio_AlphaCorr,Flux_Ratio_NOAlphaCorr
SB85693_component_3a,230.7024,-39.335623,664.1259765625,4099.54296875,230.7023794313777,-39.33562493612916,243.44070486887,1.081318891493021,2.728081061547342
SB85693_component_133a,230.59247,-39.342083,50.097999572753906,715.6857299804688,230.59197838629044,-39.34250533729251,7.3447258394700015,2.7035930120244887,6.820948891452291
