Component_ID,RA,DEC,RA_comp,DEC_comp
SB70504_component_3a,216.217306,-72.688088,216.217659,-72.688082
