Component_ID,RA,DEC,RA_comp,DEC_comp
SB61077_component_27a,94.173795,-10.685339,94.174198,-10.685682
SB61077_component_29a,99.281597,-10.880802,99.281995,-10.881139
