Component_ID,RA,DEC,RA_comp,DEC_comp
SB74690_component_24a,248.194907,-45.967642,248.194814,-45.967148
