Component_ID,RA,DEC,RA_comp,DEC_comp
SB64690_component_10a,101.118321,-67.216605,101.11685,-67.215933
