Component_ID,RA,DEC,ASKAP_flux,ASKAP_flux_SNR,RA_comp,DEC_comp,Comp_flux,Flux_Ratio_AlphaCorr,Flux_Ratio_NOAlphaCorr
SB73650_component_384a,16.342035,-39.770155,15.482000350952148,533.8621215820312,16.34213385982935,-39.77035165272503,5.61519847237,1.0928447783556696,2.7571599520715924
