Component_ID,RA,DEC,RA_comp,DEC_comp
SB62584_component_4a,17.708204,-7.694665,17.708421,-7.694754
SB62584_component_26a,13.402121,-7.458179,13.402149,-7.458228
