Component_ID,RA,DEC,RA_comp,DEC_comp
SB53218_component_1a,244.324164,-58.802175,244.324547,-58.802183
