Component_ID,RA,DEC,RA_comp,DEC_comp
SB74457_component_6a,240.050922,-58.184043,240.051571,-58.184158
