Component_ID,RA,DEC,RA_comp,DEC_comp
SB53201_component_9a,114.735832,-67.597445,114.735401,-67.597452
