Component_ID,RA,DEC,RA_comp,DEC_comp
SB81088_component_28a,226.998853,4.253329,226.998885,4.253329
