Component_ID,RA,DEC,ASKAP_flux,RA_comp,DEC_comp,Comp_flux,Flux_Ratio_AlphaCorr,Flux_Ratio_NOAlphaCorr
SB50415_component_141a,32.391133,-39.384135,44.992,32.39118504486588,-39.38417661334319,11.658145781760002,1.529674505382341,3.859275859307504
SB50415_component_154a,31.854710,-39.458288,38.293,31.8547921662885,-39.45838631890106,16.519473892849998,0.91879024838884,2.3180519861563025
SB50415_component_192a,28.159188,-39.700352,30.929,28.15917131377822,-39.7003845042177,9.34554812197,1.3117598020267192,3.3094902996414612
SB50415_component_311a,31.315333,-39.705030,18.223,31.31536873818457,-39.70508567609117,9.87618425234,0.7313476782254598,1.8451457675504854
SB50415_component_373a,29.508837,-39.330732,14.721,29.50886373831299,-39.33083312393997,6.620907186880001,0.8812781653165751,2.223411279179922
SB50415_component_483a,30.339256,-39.609487,11.227,30.33932128173567,-39.60950571416932,4.42577712585,1.005466018837837,2.536729690010093
SB50415_component_689a,31.757529,-39.483373,6.952,31.75760532983988,-39.48341676921506,2.2772541151700003,1.2100170290147934,3.052799463543761
SB50415_component_942a,31.025862,-39.759948,4.536,31.025885097205872,-39.76006144246574,2.31110836542,0.7779396737371653,1.9626945420659796
