Component_ID,RA,DEC,ASKAP_flux,ASKAP_flux_SNR,RA_comp,DEC_comp,Comp_flux,Flux_Ratio_AlphaCorr,Flux_Ratio_NOAlphaCorr
SB73533_component_73a,60.11585,-39.96075,77.96399688720703,2598.800048828125,60.1164294637142,-39.96100911862628,11.61553501207,2.6604273084287864,6.712045274384059
SB73533_component_279a,57.250896,-39.900606,20.763999938964844,669.8064575195312,57.25132330953083,-39.900816619513634,7.503488438580001,1.0968426289882534,2.76724620940368
SB73533_component_370a,56.678555,-39.432606,14.375,495.6896667480469,56.678835303865405,-39.43283026506372,4.50843677945,1.2638001108573762,3.1884665801510153
SB73533_component_565a,57.103005,-39.398642,9.012999534606934,257.5142822265625,57.10340836931172,-39.39878899678083,4.4678859392,0.7995834400713409,2.0172850554508024
SB73533_component_664a,56.106917,-39.397812,7.163000106811523,210.6764678955078,56.10713491030816,-39.39806352301976,4.09821471535,0.6927822772970984,1.7478342654869368
SB73533_component_881a,60.123886,-39.302171,5.1479997634887695,160.87498474121094,60.12446625993276,-39.30245373017388,3.1378506594,0.6502835498682838,1.6406133759320265
