Component_ID,RA,DEC,ASKAP_flux,ASKAP_flux_SNR,RA_comp,DEC_comp,Comp_flux,Flux_Ratio_AlphaCorr,Flux_Ratio_NOAlphaCorr
SB85670_component_533a,263.113222,-39.886406,11.25100040435791,281.2750244140625,263.1132366969354,-39.88646290075799,5.4778991691900005,0.8140922607842433,2.0538896494550776
SB85670_component_920a,261.722127,-39.344972,6.03000020980835,154.61538696289062,261.7220507666652,-39.34503602294298,1.93868646796,1.2328387263735199,3.110353483899576
SB85670_component_982a,261.65311,-39.876232,5.249000072479248,138.131591796875,261.65301120780083,-39.87596110340239,3.67239363435,0.56653125263286,1.42931302989482
SB85670_component_1039a,261.108887,-39.908614,4.598999977111816,99.97826385498047,261.1088722640528,-39.908660789948186,3.4723703445699994,0.5249692781749352,1.3244554931485377
