Component_ID,RA,DEC,ASKAP_flux,ASKAP_flux_SNR,RA_comp,DEC_comp,Comp_flux,Flux_Ratio_AlphaCorr,Flux_Ratio_NOAlphaCorr
SB86639_component_253a,125.72853,-38.639948,24.474000930786133,843.9310913085938,125.72857138730772,-38.640050110964594,5.536973629430001,1.7519795675730077,4.420104296813418
SB86639_component_336a,122.31798,-39.313251,17.040000915527344,387.2727355957031,122.31796681709908,-39.31311153747272,4.39958789911,1.5351617277873995,3.873090231695199
SB86639_component_695a,126.251508,-39.281261,7.35099983215332,245.03334045410156,126.25140798518429,-39.28115107651194,3.77264171186,0.7723201582934851,1.9485019764914562
SB86639_component_825a,120.847462,-36.100094,5.543000221252441,149.81082153320312,120.84734886845143,-36.1000684928936,5.61848642609,0.3910408063594727,0.9865646725625196
SB86639_component_975a,127.653128,-34.955234,4.49399995803833,102.13636016845703,127.65315602675564,-34.95516274395288,2.99324368143,0.5950966554348744,1.5013812560330386
