Component_ID,RA,DEC,RA_comp,DEC_comp
SB83843_component_1a,359.471931,-53.187113,359.471942,-53.187136
