Component_ID,RA,DEC,RA_comp,DEC_comp
SB75104_component_3a,61.890754,-33.062766,61.891307,-33.062877
SB75104_component_6a,60.588142,-31.790403,60.588608,-31.79054
