Component_ID,RA,DEC,RA_comp,DEC_comp
SB74235_component_13a,264.331837,-59.361675,264.331969,-59.361637
