Component_ID,RA,DEC,RA_comp,DEC_comp
SB73146_component_3a,196.181962,-3.767457,196.181843,-3.767375
SB73146_component_8a,192.095965,-6.536002,192.095732,-6.536061
