Component_ID,RA,DEC,RA_comp,DEC_comp
SB82539_component_16a,178.231258,-5.330157,178.231215,-5.330148
SB82539_component_18c,177.232804,-4.069331,177.232853,-4.069323
