Component_ID,RA,DEC,RA_comp,DEC_comp
SB74285_component_4a,292.525862,-60.935897,292.525667,-60.935884
