Component_ID,RA,DEC,RA_comp,DEC_comp
SB74605_component_17a,152.815224,1.111573,152.815163,1.111809
