Component_ID,RA,DEC,RA_comp,DEC_comp
SB51930_component_6a,315.411857,3.691794,315.411809,3.692034
SB51930_component_45a,316.617256,2.526955,316.617287,2.527167
