Component_ID,RA,DEC,ASKAP_flux,ASKAP_flux_SNR,RA_comp,DEC_comp,Comp_flux,Flux_Ratio_AlphaCorr,Flux_Ratio_NOAlphaCorr
SB73772_component_35a,21.838466,-39.46305,132.38099670410156,2757.9375,21.83841107835783,-39.46288274685862,57.89811699438,0.9062702566830693,2.2864473591939336
SB73772_component_92a,27.170371,-39.499231,64.43800354003906,1610.9500732421875,27.17052102376456,-39.499267198991134,17.99782169249,1.4191184661876455,3.5803223657298084
SB73772_component_131a,22.578359,-40.000426,45.91699981689453,1311.914306640625,22.57837522339832,-40.00053145015212,17.36909753591,1.0478346838445995,2.643603084268641
SB73772_component_305a,27.597668,-39.4663,18.767000198364258,457.731689453125,27.59782383292692,-39.46637982500141,6.32445986538,1.176164149232598,2.967368059538893
SB73772_component_391a,27.041049,-39.22063,14.100000381469727,1410.0001220703125,27.04124305456909,-39.22066075498481,12.05575922152,0.46357614386416063,1.1695655265162128
SB73772_component_1128a,24.784078,-39.638453,3.443000078201294,122.96428680419922,24.78421156072461,-39.638477060688594,7.52027582637,0.18146788709607153,0.4578289623537935
SB73772_component_1145a,24.843488,-39.690838,3.4040000438690186,117.37931823730469,24.84361797321032,-39.690764149221096,1.2642537399200002,1.0672147765109414,2.6924975077269044
