Component_ID,RA,DEC,RA_comp,DEC_comp
SB73478_component_6a,200.821276,-34.120122,200.821412,-34.120097
