Component_ID,RA,DEC,ASKAP_flux,ASKAP_flux_SNR,RA_comp,DEC_comp,Comp_flux,Flux_Ratio_AlphaCorr,Flux_Ratio_NOAlphaCorr
SB77347_component_139a,151.054963,-39.38586,43.74399948120117,825.3585205078125,151.05512301388524,-39.38595429293369,14.178125350279998,1.2229147857077225,3.085316175479947
SB77347_component_270a,146.634879,-39.834843,21.142000198364258,640.6666870117188,146.6352787034385,-39.83485700312993,6.63291423913,1.263392255302683,3.187437593213527
SB77347_component_337a,147.429589,-39.4254,17.339000701904297,376.9347839355469,147.4299740137124,-39.42552330316229,14.06878188045,0.48849945950061585,1.2324450580898263
SB77347_component_384a,147.993066,-39.826695,14.732999801635742,409.25,147.99339746508008,-39.82679617209014,6.0867954751300015,0.9593984085766187,2.4204854363569814
SB77347_component_444a,150.319671,-39.664378,12.628999710083008,341.3243103027344,150.31982344984957,-39.66453878723065,5.65917716505,0.8845292176133057,2.231596456827205
SB77347_component_623a,150.662569,-39.541705,8.357000350952148,219.9210662841797,150.66265354796224,-39.54187125764189,3.3105614366000005,1.000564956955506,2.524345344738541
SB77347_component_624a,148.601825,-39.416428,8.255000114440918,196.54762268066406,148.6021702114819,-39.41651366900423,2.93843845813,1.1135173904332358,2.8093152986073897
SB77347_component_1669a,149.37586,-39.393279,2.4489998817443848,59.7317008972168,149.37623063375352,-39.39303043542899,2.16546113776,0.44826506077011197,1.1309368887024607
