Component_ID,RA,DEC,RA_comp,DEC_comp
SB84156_component_3a,335.77474,-34.929761,335.774711,-34.929772
SB84156_component_25a,332.960515,-37.118038,332.960526,-37.11805
