Component_ID,RA,DEC,RA_comp,DEC_comp
SB62281_component_39a,335.535688,-33.765559,335.535743,-33.765781
