Component_ID,RA,DEC,ASKAP_flux,ASKAP_flux_SNR,RA_comp,DEC_comp,Comp_flux,Flux_Ratio_AlphaCorr,Flux_Ratio_NOAlphaCorr
SB74304_component_1333a,37.156158,-39.410554,2.7100000381469727,79.70587921142578,37.15634391230295,-39.41062846306362,3.10070526997,0.3464218921087024,0.8739947212632668
SB74304_component_2310a,38.092342,-39.507004,1.3309999704360962,35.97297286987305,38.09261762545157,-39.507098194467,5.04998996635,0.10446818522943592,0.26356487424827657
