Component_ID,RA,DEC,RA_comp,DEC_comp
SB82572_component_2a,176.33895,4.924267,176.338813,4.92408
SB82572_component_24a,179.252768,6.686888,179.252719,6.68683
