Component_ID,RA,DEC,RA_comp,DEC_comp
SB53211_component_4a,222.209725,4.038818,222.209838,4.038859
SB53211_component_139a,221.132291,2.964818,221.132361,2.964865
