Component_ID,RA,DEC,RA_comp,DEC_comp
SB50413_component_5a,210.509914,-28.373671,210.510007,-28.373651
