Component_ID,RA,DEC,RA_comp,DEC_comp
SB62466_component_14a,105.393583,-46.576627,105.393944,-46.57684
