Component_ID,RA,DEC,RA_comp,DEC_comp
SB81186_component_196a,156.529262,1.529305,156.529234,1.529314
