Component_ID,RA,DEC,RA_comp,DEC_comp
SB76109_component_3a,352.656952,-45.666028,352.657003,-45.666138
SB76109_component_5a,348.466117,-47.486467,348.46625,-47.486591
