Component_ID,RA,DEC,RA_comp,DEC_comp
SB72149_component_39a,307.396017,-53.651916,307.396063,-53.652025
