Component_ID,RA,DEC,ASKAP_flux,ASKAP_flux_SNR,RA_comp,DEC_comp,Comp_flux,Flux_Ratio_AlphaCorr,Flux_Ratio_NOAlphaCorr
SB85614_component_177a,47.285046,-39.868687,28.642000198364258,1022.9285278320312,47.28518998813864,-39.86868603411055,9.69773379613,1.170656833875051,2.9534735434575654
SB85614_component_310a,47.006684,-39.805281,14.8100004196167,462.8125,47.00671886734138,-39.80524625238851,6.57756772622,0.8924548666469517,2.251592235315184
SB85614_component_369a,45.595149,-39.595191,13.241999626159668,427.1612854003906,45.59527291068954,-39.59506061232295,7.11698244262,0.737486706988813,1.8606199654027589
SB85614_component_1192a,48.20724,-39.425822,3.193000078201294,84.02632141113281,48.20726849989438,-39.42582166754584,2.21947528617,0.5702235315493962,1.4386283542319775
