Component_ID,RA,DEC,RA_comp,DEC_comp
SB71509_component_40a,197.064776,4.019251,197.064805,4.019264
