Component_ID,RA,DEC,RA_comp,DEC_comp
SB54097_component_21a,2.501433,-4.563323,2.501619,-4.563474
SB54097_component_33a,357.048751,-4.432256,357.048991,-4.432328
