Component_ID,RA,DEC,RA_comp,DEC_comp
SB74257_component_2a,240.051037,-58.184035,240.051571,-58.184158
