Component_ID,RA,DEC,RA_comp,DEC_comp
SB50049_component_515a,129.065647,0.883239,129.065797,0.883334
