Component_ID,RA,DEC,RA_comp,DEC_comp
SB81638_component_34a,159.413956,4.400502,159.413915,4.400485
SB81638_component_47a,161.469692,6.410094,161.469722,6.410125
