Component_ID,RA,DEC,RA_comp,DEC_comp
SB74821_component_3a,196.181957,-3.767435,196.181843,-3.767375
SB74821_component_7a,192.095922,-6.535992,192.095732,-6.536061
