Component_ID,RA,DEC,RA_comp,DEC_comp
SB81370_component_12a,143.393577,-11.657063,143.393556,-11.657077
