Component_ID,RA,DEC,RA_comp,DEC_comp
SB83526_component_29a,226.998867,4.253318,226.998885,4.253329
SB83526_component_73a,227.921909,5.302554,227.921943,5.302572
