Component_ID,RA,DEC,RA_comp,DEC_comp
SB70512_component_4a,216.217305,-72.688094,216.217659,-72.688082
