Component_ID,RA,DEC,RA_comp,DEC_comp
SB81308_component_6a,153.055929,6.515542,153.055617,6.515889
SB81308_component_15a,154.013118,5.217285,154.013069,5.217317
