Component_ID,RA,DEC,RA_comp,DEC_comp
SB85650_component_24a,201.305103,-11.294204,201.305082,-11.294189
SB85650_component_33a,201.290104,-8.080096,201.290065,-8.080109
