Component_ID,RA,DEC,ASKAP_flux,ASKAP_flux_SNR,RA_comp,DEC_comp,Comp_flux,Flux_Ratio_AlphaCorr,Flux_Ratio_NOAlphaCorr
SB74595_component_6a,315.972391,-39.404947,743.1500244140625,3259.429931640625,315.9721740621112,-39.4044538866901,164.41306529837,1.791581997628895,4.520018059789986
SB74595_component_131a,317.064494,-39.299914,49.823001861572266,1016.7959594726562,317.0645686495454,-39.299723406302135,20.91972467715,0.9439966340479679,2.381627991308722
SB74595_component_495a,312.309565,-39.66618,12.093000411987305,326.83782958984375,312.309666838498,-39.66618886145513,3.4365585266300003,1.3947836341558828,3.518927531214226
