Component_ID,RA,DEC,RA_comp,DEC_comp
SB74361_component_2a,293.187278,-45.610573,293.187032,-45.610536
