Component_ID,RA,DEC,RA_comp,DEC_comp
SB47133_component_15a,193.740161,-44.416087,193.739638,-44.415722
SB47133_component_94a,192.595217,-44.534266,192.59502,-44.534301
