Component_ID,RA,DEC,RA_comp,DEC_comp
SB82432_component_49a,166.495884,-26.992552,166.49591,-26.992533
