Component_ID,RA,DEC,ASKAP_flux,ASKAP_flux_SNR,RA_comp,DEC_comp,Comp_flux,Flux_Ratio_AlphaCorr,Flux_Ratio_NOAlphaCorr
SB85619_component_56a,91.483489,-39.484907,90.56500244140625,2156.3095703125,91.48347925247484,-39.48483716755243,91.364384414,0.3928981560340967,0.9912506172101866
SB85619_component_154a,94.48005,-39.584653,39.5890007019043,1237.15625,94.47992052404253,-39.58456858955213,14.18963806856,1.1058589602567956,2.789993691919577
SB85619_component_200a,90.231956,-39.700688,25.816999435424805,629.6829223632812,90.23194141055929,-39.70068752962393,18.28562767653,0.5596189502252619,1.411873843880212
SB85619_component_512a,89.930363,-39.886405,10.057999610900879,279.3888854980469,89.9303423152623,-39.88641318471223,5.11584332055,0.7792752787026945,1.9660491888988407
SB85619_component_701a,95.287373,-39.45445,6.4720001220703125,184.91429138183594,95.28740202467236,-39.45446596354863,2.5189234811200003,1.0184039186714058,2.5693516180938683
