Component_ID,RA,DEC,RA_comp,DEC_comp
SB60576_component_5a,357.895815,-42.992632,357.895608,-42.992635
