Component_ID,RA,DEC,RA_comp,DEC_comp
SB77272_component_9a,109.913066,-39.480914,109.913662,-39.480193
