Component_ID,RA,DEC,RA_comp,DEC_comp
SB72618_component_1a,354.050286,-52.605977,354.050602,-52.606098
