Component_ID,RA,DEC,RA_comp,DEC_comp
SB75059_component_33a,320.897129,-5.32958,320.897101,-5.329233
SB75059_component_100a,319.680156,-6.605204,319.680176,-6.605
