Component_ID,RA,DEC,RA_comp,DEC_comp
SB82798_component_1a,301.122851,-63.789796,301.122825,-63.789808
