Component_ID,RA,DEC,ASKAP_flux,ASKAP_flux_SNR,RA_comp,DEC_comp,Comp_flux,Flux_Ratio_AlphaCorr,Flux_Ratio_NOAlphaCorr
SB85612_component_103a,221.817229,-39.723244,63.36000061035156,1863.529296875,221.81733443649887,-39.72318783241045,18.44942838268,1.3612214297897882,3.434252774456298
SB85612_component_293a,220.758101,-39.952033,20.868999481201172,695.6333618164062,220.7581988193811,-39.95194131794997,7.861036932349999,1.052248490544183,2.6547387654827537
SB85612_component_834a,217.342897,-39.647414,5.739999771118164,168.82351684570312,217.3429330965092,-39.64747536514218,3.91244916472,0.5815133470131082,1.467111655501588
SB85612_component_1066a,216.047928,-39.372282,4.151000022888184,112.1891860961914,216.0479187658199,-39.372353722559474,3.53485122362,0.46545544576832254,1.174306854882903
