Component_ID,RA,DEC,RA_comp,DEC_comp
SB80909_component_12a,143.393586,-11.657054,143.393556,-11.657077
SB80909_component_44a,145.589465,-7.998105,145.589422,-7.998112
