Component_ID,RA,DEC,RA_comp,DEC_comp
SB50230_component_1a,76.682608,-61.161406,76.683286,-61.161387
SB50230_component_14a,68.39174,-60.503832,68.392119,-60.503825
