Component_ID,RA,DEC,RA_comp,DEC_comp
SB62220_component_1a,227.7231,-5.718663,227.723298,-5.718727
SB62220_component_2a,224.17295,-6.295361,224.172469,-6.295334
