Component_ID,RA,DEC,RA_comp,DEC_comp
SB74263_component_3a,123.729762,-25.362463,123.729709,-25.362201
SB74263_component_12a,124.168251,-24.351981,124.168385,-24.351825
