Component_ID,RA,DEC,ASKAP_flux,ASKAP_flux_SNR,RA_comp,DEC_comp,Comp_flux,Flux_Ratio_AlphaCorr,Flux_Ratio_NOAlphaCorr
SB74250_component_74a,264.290308,-82.822196,76.99099731445312,1673.71728515625,264.288594,-82.822787,83.418,0.9692571344884343,0.922954246259238
SB74250_component_128a,269.701492,-83.75084,41.915000915527344,873.2291870117188,269.699406,-83.751267,38.211,1.151966661775309,1.096935461399266
