Component_ID,RA,DEC,RA_comp,DEC_comp
SB62507_component_7a,347.309964,-30.98688,347.309714,-30.986829
SB62507_component_19a,349.180896,-33.820086,349.180777,-33.820135
