Component_ID,RA,DEC,RA_comp,DEC_comp
SB81428_component_3a,226.512686,-9.319979,226.512642,-9.320016
SB81428_component_11a,227.335672,-7.596688,227.33564,-7.596716
