Component_ID,RA,DEC,RA_comp,DEC_comp
SB70340_component_5a,293.379454,-69.715919,293.379833,-69.716365
