Component_ID,RA,DEC,RA_comp,DEC_comp
SB51962_component_24a,209.194902,-11.024821,209.195133,-11.024785
