Component_ID,RA,DEC,RA_comp,DEC_comp
SB50412_component_5a,121.789934,-5.687020,121.790073,-5.687199
SB50412_component_12a,124.902533,-6.513209,124.902698,-6.51338
