Component_ID,RA,DEC,RA_comp,DEC_comp
SB75075_component_1a,180.841284,4.238645,180.841396,4.238637
SB75075_component_112a,180.730449,2.590911,180.730318,2.590734
