Component_ID,RA,DEC,RA_comp,DEC_comp
SB70256_component_7a,212.519305,2.051163,212.5194,2.05192
SB70256_component_20a,216.039397,4.580276,216.039587,4.581134
