Component_ID,RA,DEC,RA_comp,DEC_comp
SB62278_component_135a,206.880876,5.876164,206.88102,5.876057
