Component_ID,RA,DEC,RA_comp,DEC_comp
SB83821_component_1a,354.050534,-52.606093,354.050602,-52.606098
