Component_ID,RA,DEC,RA_comp,DEC_comp
SB62511_component_26a,176.036172,0.910095,176.036307,0.910093
SB62511_component_63a,175.334336,0.382419,175.334455,0.382439
