Component_ID,RA,DEC,ASKAP_flux,RA_comp,DEC_comp,Comp_flux,Flux_Ratio_AlphaCorr,Flux_Ratio_NOAlphaCorr
SB46907_component_1248a,22.833325,-48.738882,3.347,22.834082123103002,-48.73898662074194,2.7957183794731217,0.942380416012504,1.1971877812251266
SB46907_component_1312a,18.547319,-49.595144,3.150,18.548463291845046,-49.594979766344835,1.8704517662023266,1.3256474175589612,1.6840851778621575
SB46907_component_1524a,24.525715,-49.915102,2.563,24.52658482119266,-49.915162494307914,2.010735483065932,1.003361966813659,1.2746579474752
SB46907_component_1633a,22.791224,-48.966794,2.369,22.79227482162981,-48.967112420565336,1.7894147475953006,1.0421206875761888,1.3238965204807345
SB46907_component_1675a,20.469756,-48.711546,2.270,20.470700999449324,-48.71160898724453,1.6203693007668782,1.1027468442617894,1.4009151986847581
SB46907_component_1692a,17.592407,-49.201029,2.277,17.593835283657906,-49.201011831889545,1.7516022862841039,1.0232729513694745,1.299952602390937
SB46907_component_1706a,19.021310,-50.367301,2.265,19.02271011353364,-50.36728253196467,2.4788891389589516,0.7192420967250751,0.9137157726445956
SB46907_component_1794a,24.746722,-53.157867,2.119,24.74801555448893,-53.15743520342232,1.4301683112190557,1.166293281174991,1.481643762776511
SB46907_component_1826a,22.812786,-50.734881,2.049,22.814002733822626,-50.73491262659982,1.5817698092827996,1.0196770817496683,1.2953844565566608
