Component_ID,RA,DEC,RA_comp,DEC_comp
SB62618_component_13a,3.475609,-4.39771,3.475546,-4.39786
SB62618_component_15a,7.632513,-2.198764,7.632599,-2.198926
