Component_ID,RA,DEC,ASKAP_flux,ASKAP_flux_SNR,RA_comp,DEC_comp,Comp_flux,Flux_Ratio_AlphaCorr,Flux_Ratio_NOAlphaCorr
SB74441_component_597a,65.64291,-39.930587,8.918000221252441,307.51727294921875,65.64356734123203,-39.93074958133077,4.87346251745,0.7253145146192979,1.829910497786841
