Component_ID,RA,DEC,RA_comp,DEC_comp
SB59767_component_92a,139.412521,-13.761677,139.412503,-13.761733
