Component_ID,RA,DEC,RA_comp,DEC_comp
SB74416_component_2a,61.745479,-38.440886,61.745981,-38.441123
SB74416_component_5a,66.139846,-38.811558,66.140484,-38.811568
