Component_ID,RA,DEC,ASKAP_flux,RA_comp,DEC_comp,Comp_flux,Flux_Ratio_AlphaCorr,Flux_Ratio_NOAlphaCorr
SB51859_component_42a,75.814925,-41.649371,140.767,75.81459,-41.64975,208.1,2.945411456970597,0.6764392037050246
SB51859_component_85a,69.672960,-42.862765,71.469,69.67109,-42.86216,120.6,2.580403430436163,0.5926119549752864
SB51859_component_119a,70.738280,-42.537929,52.996,70.73804,-42.53760,76.6,3.01253090327396,0.6918537647854878
SB51859_component_167a,69.633758,-42.668745,39.320,69.63220,-42.66633,41.3,4.145535669483958,0.9520581039909013
SB51859_component_175a,70.327751,-40.922346,36.224,70.32567,-40.92193,158.4,0.9957685794092536,0.22868686252170137
SB51859_component_184a,70.813154,-40.843795,34.277,70.81249,-40.84377,112.0,1.3326066906152327,0.3060446466718401
SB51859_component_327a,76.448487,-43.527165,19.548,76.44915,-43.52571,31.3,2.719413207255126,0.624536751939085
