Component_ID,RA,DEC,ASKAP_flux,ASKAP_flux_SNR,RA_comp,DEC_comp,Comp_flux,Flux_Ratio_AlphaCorr,Flux_Ratio_NOAlphaCorr
SB77272_component_204a,107.778931,-39.574806,31.180999755859375,708.6591186523438,107.77950057315311,-39.57376879028385,5.044684857169999,2.4499234504822236,6.180960880349521
