Component_ID,RA,DEC,RA_comp,DEC_comp
SB73523_component_10a,233.58598,-53.854131,233.586086,-53.853729
