Component_ID,RA,DEC,RA_comp,DEC_comp
SB81400_component_28a,226.998855,4.253331,226.998885,4.253329
