Component_ID,RA,DEC,ASKAP_flux,RA_comp,DEC_comp,Comp_flux,Flux_Ratio_AlphaCorr,Flux_Ratio_NOAlphaCorr
SB46910_component_55a,159.491889,-62.789385,104.91600036621094,159.493367,-62.789257,102.802,1.0205638058229503,1.0205638058229503
