Component_ID,RA,DEC,ASKAP_flux,ASKAP_flux_SNR,RA_comp,DEC_comp,Comp_flux,Flux_Ratio_AlphaCorr,Flux_Ratio_NOAlphaCorr
SB76783_component_340a,122.317462,-39.313436,17.405000686645508,355.2041015625,122.31796681709908,-39.31311153747272,4.39958789911,1.56804515790278,3.956052495318117
