Component_ID,RA,DEC,RA_comp,DEC_comp
SB81495_component_34a,163.209924,2.156964,163.20991,2.157064
SB81495_component_120a,158.601684,-2.184041,158.601645,-2.184079
