Component_ID,RA,DEC,RA_comp,DEC_comp
SB52144_component_71a,333.083964,-10.627521,333.08373,-10.627163
