Component_ID,RA,DEC,RA_comp,DEC_comp
SB82779_component_13a,162.032272,0.928782,162.032269,0.928745
SB82779_component_123a,158.601662,-2.184038,158.601645,-2.184079
