Component_ID,RA,DEC,RA_comp,DEC_comp
SB74234_component_5a,138.658035,2.766541,138.657973,2.766457
SB74234_component_67a,139.173964,2.714688,139.174028,2.714695
