Component_ID,RA,DEC,ASKAP_flux,ASKAP_flux_SNR,RA_comp,DEC_comp,Comp_flux,Flux_Ratio_AlphaCorr,Flux_Ratio_NOAlphaCorr
SB85679_component_196a,90.231952,-39.700687,27.527999877929688,671.4146118164062,90.23194141055929,-39.70068752962393,18.28562767653,0.5967072367189935,1.5054446237720607
SB85679_component_497a,89.930363,-39.886392,10.336999893188477,313.242431640625,89.9303423152623,-39.88641318471223,5.11584332055,0.8008917065361337,2.0205857070847815
