Component_ID,RA,DEC,RA_comp,DEC_comp
SB85735_component_1a,238.510305,-27.077844,238.510291,-27.077843
