Component_ID,RA,DEC,RA_comp,DEC_comp
SB69858_component_9a,197.681477,-55.870251,197.680649,-55.869869
