Component_ID,RA,DEC,RA_comp,DEC_comp
SB77283_component_4a,328.961258,-11.663154,328.961326,-11.663327
