Component_ID,RA,DEC,ASKAP_flux,ASKAP_flux_SNR,RA_comp,DEC_comp,Comp_flux,Flux_Ratio_AlphaCorr,Flux_Ratio_NOAlphaCorr
SB60576_component_164a,354.086036,-39.864513,44.013999938964844,1222.6112060546875,354.08601125550746,-39.86426468973583,14.008162759649998,1.245392308489662,3.1420251673364024
SB60576_component_617a,354.637729,-39.672547,7.86299991607666,151.21153259277344,354.6378308326268,-39.67253609947178,5.4616434942700005,0.5706389901593457,1.4396765230696595
SB60576_component_771a,356.602454,-39.660296,6.375,182.14285278320312,356.6025449656428,-39.66031236640638,2.49786896906,1.0115958898465602,2.552175505987027
