Component_ID,RA,DEC,RA_comp,DEC_comp
SB73778_component_4a,142.630636,-85.567313,142.635703,-85.566582
