Component_ID,RA,DEC,RA_comp,DEC_comp
SB82514_component_2a,176.338955,4.924263,176.338813,4.92408
SB82514_component_21a,179.252769,6.686883,179.252719,6.68683
