Component_ID,RA,DEC,RA_comp,DEC_comp
SB72907_component_42a,189.719634,-38.432564,189.719715,-38.432495
