Component_ID,RA,DEC,RA_comp,DEC_comp
SB86327_component_27a,118.84654,-42.666181,118.846551,-42.666193
