Component_ID,RA,DEC,RA_comp,DEC_comp
SB80989_component_17a,152.815217,1.111846,152.815163,1.111809
