Component_ID,RA,DEC,RA_comp,DEC_comp
SB60564_component_2a,161.418981,-29.457335,161.419274,-29.457315
