Component_ID,RA,DEC,RA_comp,DEC_comp
SB54805_component_1a,174.010301,-68.451509,174.008742,-68.451617
SB54805_component_15a,166.803593,-68.347432,166.802897,-68.347424
