Component_ID,RA,DEC,RA_comp,DEC_comp
SB62461_component_9a,234.549395,-65.430847,234.549647,-65.430888
