Component_ID,RA,DEC,RA_comp,DEC_comp
SB75088_component_7a,327.88087,7.156848,327.880955,7.15744
SB75088_component_490a,327.166022,2.190592,327.166154,2.190792
