Component_ID,RA,DEC,RA_comp,DEC_comp
SB50417_component_17a,244.127596,-71.142217,244.127673,-71.142071
