Component_ID,RA,DEC,RA_comp,DEC_comp
SB82595_component_16a,178.231258,-5.330155,178.231215,-5.330148
SB82595_component_18c,177.232805,-4.069326,177.232853,-4.069323
