Component_ID,RA,DEC,RA_comp,DEC_comp
SB71381_component_126a,136.468263,2.992039,136.468353,2.992087
