Component_ID,RA,DEC,RA_comp,DEC_comp
SB60586_component_8a,172.929777,-58.314902,172.930367,-58.314845
