Component_ID,RA,DEC,RA_comp,DEC_comp
SB59804_component_18a,137.438428,-18.142618,137.43858,-18.142763
