Component_ID,RA,DEC,RA_comp,DEC_comp
SB70567_component_19a,215.931358,-78.493184,215.931456,-78.493028
