Component_ID,RA,DEC,RA_comp,DEC_comp
SB55272_component_25a,176.036654,0.909781,176.036307,0.910093
