Component_ID,RA,DEC,RA_comp,DEC_comp
SB75093_component_15a,173.992908,-4.474282,173.992646,-4.474413
SB75093_component_38a,170.430082,-4.70993,170.429643,-4.710042
