Component_ID,RA,DEC,RA_comp,DEC_comp
SB74957_component_2a,59.890041,-26.258635,59.890341,-26.258703
SB74957_component_3a,60.338964,-29.357314,60.339516,-29.357453
