Component_ID,RA,DEC,RA_comp,DEC_comp
SB71676_component_1a,295.106431,-69.132501,295.106367,-69.132492
