Component_ID,RA,DEC,RA_comp,DEC_comp
SB76417_component_514a,327.165994,2.190755,327.166154,2.190792
