Component_ID,RA,DEC,RA_comp,DEC_comp
SB73653_component_3a,131.321452,4.663065,131.321432,4.663154
SB73653_component_4a,129.954827,3.331435,129.954983,3.331628
