Component_ID,RA,DEC,RA_comp,DEC_comp
SB83885_component_614a,327.166149,2.190837,327.166154,2.190792
