Component_ID,RA,DEC,RA_comp,DEC_comp
SB84429_component_4a,328.961308,-11.663269,328.961326,-11.663327
