Component_ID,RA,DEC,ASKAP_flux,ASKAP_flux_SNR,RA_comp,DEC_comp,Comp_flux,Flux_Ratio_AlphaCorr,Flux_Ratio_NOAlphaCorr
SB85695_component_125a,50.145696,-39.501472,49.75699996948242,1507.787841796875,50.14630512180697,-39.50134805948559,8.418424415039999,2.3427173298202644,5.910488414030146
SB85695_component_133a,54.223185,-39.363628,42.03200149536133,934.04443359375,54.22317761475561,-39.36359139431865,14.66036547017,1.1364014879446749,2.8670500459818298
SB85695_component_496a,53.358705,-39.576605,10.791999816894531,372.137939453125,53.35873815139097,-39.576620204151936,4.7167385389800005,0.9068942456857428,2.2880216335307644
SB85695_component_611a,54.815759,-39.584366,8.543999671936035,251.29409790039062,54.81576152179922,-39.58433363078832,4.30196893884,0.7872097645991827,1.986067262084852
SB85695_component_1121a,53.672156,-39.884618,3.7230000495910645,124.10000610351562,53.67222723232597,-39.884609545938005,4.010200119299999,0.3679794078904966,0.9283826090556629
