Component_ID,RA,DEC,RA_comp,DEC_comp
SB81564_component_9a,151.7681,-2.119635,151.768125,-2.1197
SB81564_component_14a,152.815207,1.111827,152.815163,1.111809
