Component_ID,RA,DEC,RA_comp,DEC_comp
SB71684_component_38a,197.064777,4.019262,197.064805,4.019264
