Component_ID,RA,DEC,RA_comp,DEC_comp
SB83865_component_2a,348.539091,-44.930292,348.539095,-44.930344
SB83865_component_3a,352.657031,-45.666106,352.657003,-45.666138
