Component_ID,RA,DEC,RA_comp,DEC_comp
SB75061_component_1a,180.841288,4.238637,180.841396,4.238637
SB75061_component_112a,180.730459,2.590897,180.730318,2.590734
