Component_ID,RA,DEC,RA_comp,DEC_comp
SB80747_component_7a,215.931626,-78.492991,215.931456,-78.493028
