Component_ID,RA,DEC,RA_comp,DEC_comp
SB50427_component_3a,239.708626,-64.541531,239.709518,-64.541566
