Component_ID,RA,DEC,RA_comp,DEC_comp
SB85701_component_1a,225.394837,-39.310914,225.394827,-39.310952
SB85701_component_17a,228.670358,-36.284658,228.670308,-36.284688
