Component_ID,RA,DEC,RA_comp,DEC_comp
SB51448_component_43a,319.211450,2.429459,319.211438,2.429517
SB51448_component_47a,316.617087,2.527089,316.617287,2.527167
