Component_ID,RA,DEC,ASKAP_flux,RA_comp,DEC_comp,Comp_flux,Flux_Ratio_AlphaCorr,Flux_Ratio_NOAlphaCorr
SB46907_component_1524a,24.525715,-49.915102,2.563,24.52668035696701,-49.91508216623602,2.421470970161855,0.6826168283876717,1.0584475285239785
SB46907_component_1692a,17.592407,-49.201029,2.277,17.593749693028332,-49.201005996180704,1.9848708698980744,0.7398410434230656,1.1471778768791454
SB46907_component_1706a,19.021310,-50.367301,2.265,19.022295676898228,-50.36717458158138,2.778515606153901,0.5257303430491888,0.8151835101763029
