Component_ID,RA,DEC,RA_comp,DEC_comp
SB85720_component_21a,228.340745,-32.159087,228.340739,-32.159081
