Component_ID,RA,DEC,ASKAP_flux,ASKAP_flux_SNR,RA_comp,DEC_comp,Comp_flux,Flux_Ratio_AlphaCorr,Flux_Ratio_NOAlphaCorr
SB51859_component_42a,75.814925,-41.649371,140.76699829101562,2513.6962890625,75.81459,-41.64975,208.1,2.804726072985783,0.6764392037050246
SB51859_component_85a,69.67296,-42.862765,71.46900177001953,1374.40380859375,69.67109,-42.86216,120.6,2.4571523829169757,0.5926119549752864
SB51859_component_119a,70.73828,-42.537929,52.99599838256836,1472.111083984375,70.73804,-42.5376,76.6,2.868639608938764,0.6918537647854878
SB51859_component_167a,69.633758,-42.668745,39.31999969482422,873.7777099609375,69.6322,-42.66633,41.3,3.9475272465507687,0.9520581039909013
SB51859_component_175a,70.327751,-40.922346,36.2239990234375,1097.6968994140625,70.32567,-40.92193,158.4,0.9482064350362944,0.22868686252170137
SB51859_component_184a,70.813154,-40.843795,34.277000427246094,1038.697021484375,70.81249,-40.84377,112.0,1.2689557247964331,0.3060446466718401
SB51859_component_327a,76.448487,-43.527165,19.54800033569336,454.6046447753906,76.44915,-43.52571,31.3,2.589522461304965,0.624536751939085
