Component_ID,RA,DEC,RA_comp,DEC_comp
SB76783_component_21a,120.100693,-39.988644,120.101123,-39.988223
