Component_ID,RA,DEC,RA_comp,DEC_comp
SB82474_component_5a,171.721418,6.432534,171.721442,6.432483
SB82474_component_23a,171.902192,5.925581,171.90219,5.925572
