Component_ID,RA,DEC,RA_comp,DEC_comp
SB72144_component_155a,136.468268,2.992053,136.468353,2.992087
