Component_ID,RA,DEC,RA_comp,DEC_comp
SB66742_component_15a,151.518322,-74.162333,151.517272,-74.162247
