Component_ID,RA,DEC,ASKAP_flux,ASKAP_flux_SNR,RA_comp,DEC_comp,Comp_flux,Flux_Ratio_AlphaCorr,Flux_Ratio_NOAlphaCorr
SB70463_component_18a,133.725168,-78.540486,167.14300537109375,1816.7718505859375,133.726221,-78.540343,182.107,0.9638743009555361,0.9178285588752423
SB70463_component_40a,128.954169,-80.270202,108.2229995727539,1967.69091796875,128.95608,-80.269874,109.37,1.0391546588608631,0.9895126595296142
SB70463_component_54a,153.099457,-80.34116,76.93900299072266,1831.881103515625,153.10053,-80.341155,83.249,0.9705688820653108,0.9242033296582861
SB70463_component_94a,163.902354,-80.458177,52.78900146484375,1147.5870361328125,163.903538,-80.458174,60.846,0.9111088145662797,0.8675837600638292
SB70463_component_115a,133.759152,-80.733484,46.04199981689453,1070.744140625,133.761046,-80.733295,47.393,1.0202316973002907,0.9714936766377847
SB70463_component_142a,129.227673,-80.149979,35.08100128173828,797.2954711914062,129.229457,-80.149777,38.433,0.9585759503572945,0.9127833185475576
SB70463_component_158a,162.467445,-81.289244,34.39699935913086,661.480712890625,162.468781,-81.289167,36.031,1.0025431567367922,0.9546501445735855
SB70463_component_228a,163.01121,-81.33544,20.336000442504883,432.6808776855469,163.012204,-81.33538,20.914,1.021144666155951,0.972363031581949
SB70463_component_274a,159.120339,-82.529248,19.572999954223633,455.18603515625,159.120931,-82.529132,20.362,1.0094755305143541,0.9612513483068281
