Component_ID,RA,DEC,RA_comp,DEC_comp
SB74230_component_2a,255.902101,-62.210995,255.902255,-62.211113
