Component_ID,RA,DEC,RA_comp,DEC_comp
SB59835_component_5a,222.209608,4.038797,222.209838,4.038859
SB59835_component_118a,221.132195,2.964851,221.132361,2.964865
