Component_ID,RA,DEC,RA_comp,DEC_comp
SB70566_component_14a,329.496647,-75.831668,329.496771,-75.831558
