Component_ID,RA,DEC,RA_comp,DEC_comp
SB81613_component_6a,168.635635,-8.277469,168.635628,-8.277501
SB81613_component_24a,164.801811,-11.572924,164.801777,-11.572994
