Component_ID,RA,DEC,RA_comp,DEC_comp
SB86281_component_13a,166.296194,-39.478387,166.296173,-39.478376
