Component_ID,RA,DEC,RA_comp,DEC_comp
SB76194_component_50a,324.926939,1.374193,324.92712,1.374213
SB76194_component_458a,327.165998,2.190738,327.166154,2.190792
