Component_ID,RA,DEC,RA_comp,DEC_comp
SB80945_component_30a,226.998869,4.253336,226.998885,4.253329
