Component_ID,RA,DEC,ASKAP_flux,ASKAP_flux_SNR,RA_comp,DEC_comp,Comp_flux,Flux_Ratio_AlphaCorr,Flux_Ratio_NOAlphaCorr
SB72607_component_1a,90.774183,-79.58065,2133.02392578125,2070.89697265625,90.775098,-79.580705,2370.051,0.9451415798655787,0.8999907283772586
SB72607_component_52a,107.104129,-78.392169,121.61900329589844,755.3975219726562,107.105046,-78.392167,130.596,0.9779809581724376,0.931261319610849
SB72607_component_54a,96.932933,-78.416894,114.24700164794922,688.2349853515625,96.934391,-78.417123,128.409,0.9343469696948705,0.8897117931605201
SB72607_component_63a,109.998155,-76.377433,96.85900115966797,712.198486328125,110.000004,-76.37747,105.919,0.9603398453678059,0.914462949609305
SB72607_component_87a,117.377969,-80.147797,67.86699676513672,335.9752197265625,117.379371,-80.147998,72.417,0.9841854406220908,0.9371694044925462
SB72607_component_92a,108.320163,-76.400945,63.698001861572266,517.8699340820312,108.322306,-76.400995,58.077,1.1518090031061516,1.0967853343246425
SB72607_component_153a,89.05982,-79.339461,39.744998931884766,251.5506134033203,89.061101,-79.339529,43.831,0.9522696536409013,0.906778283221573
SB72607_component_170a,91.581679,-76.406894,33.928001403808594,314.1481628417969,91.582864,-76.406819,33.927,1.050199126797608,1.0000295164266984
SB72607_component_184a,108.683017,-78.428149,34.29800033569336,372.8043518066406,108.684212,-78.428185,36.603,0.9840359222224696,0.9370270288143966
SB72607_component_206a,100.553254,-78.128801,29.378999710083008,216.0220489501953,100.554786,-78.128933,31.679,0.9739224462475016,0.9273966889763884
SB72607_component_261a,111.160471,-81.157466,23.292999267578125,291.1625061035156,111.162754,-81.157709,24.919,0.9816431427145411,0.9347485560246448
SB72607_component_268a,94.329644,-80.973595,22.344999313354492,245.54945373535156,94.331356,-80.973775,23.431,1.0014940094118079,0.9536511166127989
SB72607_component_278a,106.869335,-76.385824,20.597000122070312,183.9017791748047,106.871032,-76.38577,21.996,0.9833748451217308,0.9363975323727184
