Component_ID,RA,DEC,RA_comp,DEC_comp
SB46968_component_7a,166.802703,-68.347742,166.802897,-68.347424
