Component_ID,RA,DEC,RA_comp,DEC_comp
SB53570_component_12a,2.398505,-32.277272,2.398157,-32.276925
SB53570_component_76a,1.275024,-34.763937,1.274688,-34.763793
