Component_ID,RA,DEC,RA_comp,DEC_comp
SB47034_component_1a,32.692023,-51.017562,32.692502,-51.017192
SB47034_component_6a,34.01303,-52.00376,34.013324,-52.003465
