Component_ID,RA,DEC,RA_comp,DEC_comp
SB51434_component_49a,316.617189,2.527016,316.617287,2.527167
